fecha_hora,coord_lon,coord_lat,main_temp,main_feels_like,main_temp_min,main_temp_max,main_pressure,main_humidity,main_sea_level,main_grnd_level,wind_speed,wind_deg,wind_gust,clouds_all,sys_type,sys_id,sys_country,sys_sunrise,sys_sunset,weather_id,weather_main,weather_description,weather_icon,base,visibility,timezone,id,name,cod
2026-07-13 04:33:09,-70.6483,-33.4569,18.2,17.25,17.14,18.56,1014,45,1014,929,1.27,77,1.09,100,2,2094385,CL,1783943102,1783979474,804,Clouds,nubes,04n,stations,10000,-14400,3871336,Santiago,200
2026-07-13 04:57:14,-70.6483,-33.4569,17.79,16.77,17.08,18.01,1014,44,1014,929,1.27,77,1.09,100,2,2094385,CL,1783943102,1783979474,804,Clouds,nubes,04n,stations,10000,-14400,3871336,Santiago,200
2026-07-13 05:13:28,-70.6483,-33.4569,17.53,16.59,15.63,18.01,1014,48,1014,929,1.27,77,1.09,100,2,2094385,CL,1783943102,1783979474,804,Clouds,nubes,04n,stations,10000,-14400,3871336,Santiago,200
2026-07-13 05:26:55,-70.6483,-33.4569,17.79,16.83,17.08,18.01,1014,46,1014,929,1.27,77,1.09,100,2,2094385,CL,1783943102,1783979474,804,Clouds,nubes,04n,stations,10000,-14400,3871336,Santiago,200
2026-07-13 05:40:58,-70.6483,-33.4569,18.01,17.09,17.08,18.01,1015,47,1015,929,0.57,212,1.21,100,2,2094385,CL,1783943102,1783979474,804,Clouds,nubes,04n,stations,10000,-14400,3871336,Santiago,200
2026-07-13 05:55:00,-70.6483,-33.4569,18.01,17.07,16.52,18.01,1015,46,1015,929,0.4,207,1.3,100,2,2094385,CL,1783943102,1783979474,804,Clouds,nubes,04n,stations,10000,-14400,3871336,Santiago,200
2026-07-13 06:10:11,-70.6483,-33.4569,18.52,17.52,16.52,19.22,1015,42,1015,929,0.4,207,1.3,100,2,2094385,CL,1783943102,1783979474,804,Clouds,nubes,04n,stations,10000,-14400,3871336,Santiago,200
2026-07-13 06:26:44,-70.6483,-33.4569,17.26,16.37,15.08,17.45,1014,51,1014,929,0.4,207,1.3,100,2,2094385,CL,1783943102,1783979474,804,Clouds,nubes,04n,stations,10000,-14400,3871336,Santiago,200
2026-07-13 06:43:45,-70.6483,-33.4569,17.26,16.35,15.08,17.45,1015,50,1015,930,0.63,189,0.84,99,2,2094385,CL,1783943102,1783979474,804,Clouds,nubes,04n,stations,10000,-14400,3871336,Santiago,200
2026-07-13 06:59:20,-70.6483,-33.4569,16.67,15.75,14.52,17.45,1015,52,1015,930,0.63,189,0.84,99,2,2094385,CL,1783943102,1783979474,804,Clouds,nubes,04n,stations,10000,-14400,3871336,Santiago,200
2026-07-13 07:14:26,-70.6483,-33.4569,17.22,16.28,14.52,17.45,1014,49,1014,930,0.63,189,0.84,99,2,2094385,CL,1783943102,1783979474,804,Clouds,nubes,04n,stations,10000,-14400,3871336,Santiago,200
2026-07-13 07:26:01,-70.6483,-33.4569,17.45,16.45,15.96,17.45,1014,46,1014,930,0.63,189,0.84,99,2,2094385,CL,1783943102,1783979474,804,Clouds,nubes,04n,stations,10000,-14400,3871336,Santiago,200
2026-07-13 07:43:02,-70.65,-33.46,16.31,15.35,14.52,16.9,1015,52,1015,929,0.65,143,0.82,100,2,2094385,CL,1783943103,1783979474,804,Clouds,nubes,04n,stations,10000,-14400,3871336,Santiago,200
2026-07-13 07:53:17,-70.6483,-33.4569,16.29,15.31,14.52,16.9,1015,51,1015,929,0.65,143,0.82,100,2,2094385,CL,1783943102,1783979474,804,Clouds,nubes,04n,stations,10000,-14400,3871336,Santiago,200
2026-07-13 08:12:57,-70.6483,-33.4569,16.29,15.31,14.52,16.9,1014,51,1014,929,0.65,143,0.82,100,2,2094385,CL,1783943102,1783979474,804,Clouds,nubes,04n,stations,10000,-14400,3871336,Santiago,200
2026-07-13 08:21:07,-70.6483,-33.4569,15.89,14.87,14.52,16.34,1015,51,1015,929,0.65,143,0.82,100,2,2094385,CL,1783943102,1783979474,804,Clouds,nubes,04n,stations,10000,-14400,3871336,Santiago,200
2026-07-13 08:43:01,-70.65,-33.46,16.22,15.18,13.96,16.9,1015,49,1015,929,1.02,215,1.12,100,2,2094385,CL,1783943103,1783979474,804,Clouds,nubes,04n,stations,10000,-14400,3871336,Santiago,200
2026-07-13 08:54:54,-70.6483,-33.4569,15.73,14.69,13.96,16.34,1014,51,1014,929,1.02,215,1.12,100,2,2094385,CL,1783943102,1783979474,804,Clouds,nubes,04n,stations,10000,-14400,3871336,Santiago,200
2026-07-13 09:06:08,-70.6483,-33.4569,15.81,14.73,13.96,16.34,1014,49,1014,929,1.02,215,1.12,100,2,2094385,CL,1783943102,1783979474,804,Clouds,nubes,04n,stations,10000,-14400,3871336,Santiago,200
2026-07-13 09:20:22,-70.6483,-33.4569,15.71,14.62,13.96,16.34,1014,49,1014,929,1.02,215,1.12,100,2,2094385,CL,1783943102,1783979474,804,Clouds,nubes,04n,stations,10000,-14400,3871336,Santiago,200
2026-07-13 09:35:01,-70.6483,-33.4569,15.73,14.69,13.96,16.34,1015,51,1015,929,0.61,94,0.56,100,2,2094385,CL,1783943102,1783979474,804,Clouds,nubes,04n,stations,10000,-14400,3871336,Santiago,200
2026-07-13 09:50:14,-70.6483,-33.4569,16.11,15.13,13.41,16.34,1015,52,1015,929,0.61,94,0.56,100,2,2094385,CL,1783943102,1783979474,804,Clouds,nubes,04n,stations,10000,-14400,3871336,Santiago,200
2026-07-13 10:04:04,-70.6483,-33.4569,15.73,14.66,13.96,16.34,1015,50,1015,929,0.61,94,0.56,100,2,2094385,CL,1783943102,1783979474,804,Clouds,nubes,04n,stations,10000,-14400,3871336,Santiago,200
2026-07-13 10:26:17,-70.6483,-33.4569,15.47,14.38,13.96,15.79,1015,50,1015,929,0.61,94,0.56,100,2,2094385,CL,1783943102,1783979474,804,Clouds,nubes,04n,stations,10000,-14400,3871336,Santiago,200
2026-07-13 10:42:25,-70.6483,-33.4569,15.69,14.59,13.41,16.34,1014,49,1014,929,0.25,81,0.58,100,2,2094385,CL,1783943102,1783979474,804,Clouds,nubes,04n,stations,10000,-14400,3871336,Santiago,200
2026-07-13 10:59:06,-70.6483,-33.4569,15.83,14.8,13.41,16.34,1014,51,1014,929,0.25,81,0.58,100,2,2094385,CL,1783943102,1783979474,804,Clouds,nubes,04n,stations,10000,-14400,3871336,Santiago,200
2026-07-13 11:13:55,-70.6483,-33.4569,15.86,14.86,13.96,16.34,1014,52,1014,929,0.25,81,0.58,100,2,2094385,CL,1783943102,1783979474,804,Clouds,nubes,04n,stations,10000,-14400,3871336,Santiago,200
2026-07-13 11:20:03,-70.6483,-33.4569,15.86,14.86,13.96,16.34,1014,52,1014,929,0.25,81,0.58,100,2,2094385,CL,1783943102,1783979474,804,Clouds,nubes,04n,stations,10000,-14400,3871336,Santiago,200
2026-07-13 11:39:59,-70.6483,-33.4569,15.47,14.43,13.96,15.79,1015,52,1015,929,0.15,132,0.72,100,2,2094385,CL,1783943102,1783979474,804,Clouds,nubes,04n,stations,10000,-14400,3871336,Santiago,200
2026-07-13 11:48:40,-70.6483,-33.4569,15.47,14.43,13.96,15.79,1015,52,1015,929,0.15,132,0.72,100,2,2094385,CL,1783943102,1783979474,804,Clouds,nubes,04d,stations,10000,-14400,3871336,Santiago,200
2026-07-13 12:14:45,-70.6483,-33.4569,15.51,14.47,14.3,15.79,1015,52,1015,929,0.09,216,0.69,93,2,2094385,CL,1783943102,1783979474,804,Clouds,nubes,04d,stations,10000,-14400,3871336,Santiago,200
2026-07-13 12:30:00,-70.6483,-33.4569,15.37,14.32,14.3,15.79,1016,52,1016,930,0.83,160,0.51,39,2,2094385,CL,1783943102,1783979474,802,Clouds,nubes dispersas,03d,stations,10000,-14400,3871336,Santiago,200
2026-07-13 12:39:56,-70.6483,-33.4569,15.79,14.76,15.79,16.17,1016,51,1016,930,0.83,160,0.51,39,2,2094385,CL,1783943102,1783979474,802,Clouds,nubes dispersas,03d,stations,10000,-14400,3871336,Santiago,200
2026-07-13 12:53:52,-70.652,-33.4606,15.82,14.76,15.82,16.2,1016,50,1016,930,0.83,160,0.51,39,2,2094385,CL,1783943103,1783979474,802,Clouds,nubes dispersas,03d,stations,10000,-14400,3871336,Santiago,200
2026-07-13 13:12:36,-70.65,-33.46,16.34,15.28,14.52,16.34,1016,48,1016,930,0.83,160,0.51,39,2,2094385,CL,1783943103,1783979474,802,Clouds,nubes dispersas,03d,stations,10000,-14400,3871336,Santiago,200
2026-07-13 13:28:50,-70.6479,-33.463,16.9,15.79,16.9,19.23,1016,44,1016,930,0.83,160,0.51,39,2,2094385,CL,1783943103,1783979473,802,Clouds,nubes dispersas,03d,stations,10000,-14400,3871336,Santiago,200
2026-07-13 13:43:59,-70.6483,-33.4569,15.62,14.54,13.92,16.9,1016,50,1016,931,0.41,205,0.32,70,2,2094385,CL,1783943102,1783979474,803,Clouds,muy nuboso,04d,stations,10000,-14400,3871336,Santiago,200
2026-07-13 13:46:01,-70.6483,-33.4569,15.62,14.54,13.92,16.9,1016,50,1016,931,0.41,205,0.32,70,2,2094385,CL,1783943102,1783979474,803,Clouds,muy nuboso,04d,stations,10000,-14400,3871336,Santiago,200
2026-07-13 14:09:10,-70.6483,-33.4569,17.34,16.33,16.14,18.81,1016,46,1016,931,0.89,23,0.89,70,2,2094385,CL,1783943102,1783979474,803,Clouds,muy nuboso,04d,stations,10000,-14400,3871336,Santiago,200
2026-07-13 14:25:09,-70.6483,-33.4569,17.93,16.95,17.81,18.81,1016,45,1016,931,0.41,205,0.32,70,2,2094385,CL,1783943102,1783979474,803,Clouds,muy nuboso,04d,stations,10000,-14400,3871336,Santiago,200
2026-07-13 14:42:49,-70.6483,-33.4569,18.24,17.29,16.74,18.56,1016,45,1016,930,0.83,295,0.78,80,2,2094385,CL,1783943102,1783979474,803,Clouds,muy nuboso,04d,stations,10000,-14400,3871336,Santiago,200
2026-07-13 14:57:31,-70.6483,-33.4569,18.79,17.87,17.3,19.12,1016,44,1016,930,0.83,295,0.78,80,2,2094385,CL,1783943102,1783979474,803,Clouds,muy nuboso,04d,stations,10000,-14400,3871336,Santiago,200
2026-07-13 15:08:15,-70.6483,-33.4569,20.15,19.32,19.36,20.23,1017,42,1017,930,0.45,338,0.89,80,2,2094385,CL,1783943102,1783979474,803,Clouds,muy nuboso,04d,stations,10000,-14400,3871336,Santiago,200
2026-07-13 15:21:21,-70.6483,-33.4569,19.94,19.06,19.36,20.23,1016,41,1016,930,0.89,293,0.89,80,2,2094385,CL,1783943102,1783979474,803,Clouds,muy nuboso,04d,stations,10000,-14400,3871336,Santiago,200
2026-07-13 15:44:33,-70.6505,-33.4625,20.98,20.13,19.39,21.17,1016,38,1016,930,0.89,315,1.79,85,2,2094385,CL,1783943103,1783979474,804,Clouds,nubes,04d,stations,10000,-14400,3871336,Santiago,200
2026-07-13 15:57:41,-70.6483,-33.4569,20.79,19.92,18.74,21.14,1015,38,1015,930,0.89,248,1.79,85,2,2094385,CL,1783943102,1783979474,804,Clouds,nubes,04d,stations,10000,-14400,3871336,Santiago,200
2026-07-13 16:09:53,-70.6483,-33.4569,20,19.13,18.74,20.03,1016,41,1016,930,1.34,293,1.79,85,2,2095708,CL,1783943102,1783979474,804,Clouds,nubes,04d,stations,10000,-14400,3871336,Santiago,200
2026-07-13 16:23:50,-70.6483,-33.4569,21.04,20.11,19.3,21.34,1016,35,1016,930,0.89,315,1.79,85,2,2094385,CL,1783943102,1783979474,804,Clouds,nubes,04d,stations,10000,-14400,3871336,Santiago,200
2026-07-13 16:37:10,-70.6483,-33.4569,21.52,20.62,19.85,21.9,1014,34,1014,929,0.89,293,1.79,88,2,2094385,CL,1783943102,1783979474,804,Clouds,nubes,04d,stations,10000,-14400,3871336,Santiago,200
2026-07-13 16:59:23,-70.6483,-33.4569,21.39,20.47,20.41,21.9,1014,34,1014,929,1.79,270,3.13,88,2,2094385,CL,1783943102,1783979474,804,Clouds,nubes,04d,stations,10000,-14400,3871336,Santiago,200
2026-07-13 17:13:59,-70.6483,-33.4569,22.07,21.19,20.47,22.45,1015,33,1015,929,0.89,338,3.13,88,2,2094385,CL,1783943102,1783979474,804,Clouds,nubes,04d,stations,10000,-14400,3871336,Santiago,200
2026-07-13 17:20:02,-70.6483,-33.4569,22.15,21.23,21.03,22.45,1014,31,1014,929,1.34,293,3.13,88,2,2094385,CL,1783943102,1783979474,804,Clouds,nubes,04d,stations,10000,-14400,3871336,Santiago,200
2026-07-13 17:35:13,-70.653,-33.4599,21.53,20.6,19.15,22.47,1013,33,1013,938,0.83,244,0.68,88,2,2094385,CL,1783943103,1783979475,804,Clouds,nubes,04d,stations,10000,-14400,3871336,Santiago,200
2026-07-13 17:56:31,-70.6483,-33.4569,22.22,21.33,19.69,23.01,1013,32,1013,929,1.34,0,2.24,89,2,2094385,CL,1783943102,1783979474,804,Clouds,nubes,04d,stations,10000,-14400,3871336,Santiago,200
2026-07-13 18:10:02,-70.6483,-33.4569,22.4,21.53,19.69,23.36,1014,32,1014,929,1.79,0,2.68,89,2,2094385,CL,1783943102,1783979474,804,Clouds,nubes,04d,stations,10000,-14400,3871336,Santiago,200
2026-07-13 18:20:17,-70.6483,-33.4569,22.22,21.33,19.69,23.19,1014,32,1014,929,0.89,338,1.79,89,2,2094385,CL,1783943102,1783979474,804,Clouds,nubes,04d,stations,10000,-14400,3871336,Santiago,200
2026-07-13 18:33:04,-70.6483,-33.4569,22.59,21.74,20.24,23.56,1013,32,1013,928,1.34,270,2.68,100,2,2094385,CL,1783943102,1783979474,804,Clouds,nubes,04d,stations,10000,-14400,3871336,Santiago,200
2026-07-13 18:54:52,-70.6483,-33.4569,22.52,21.64,20.24,23.56,1013,31,1013,928,1.34,270,1.79,100,2,2094385,CL,1783943102,1783979474,804,Clouds,nubes,04d,stations,10000,-14400,3871336,Santiago,200
2026-07-13 19:11:08,-70.6483,-33.4569,22.77,21.89,20.24,23.74,1013,30,1013,928,1.34,0,2.24,100,2,2094385,CL,1783943102,1783979474,804,Clouds,nubes,04d,stations,10000,-14400,3871336,Santiago,200
2026-07-13 19:26:53,-70.6483,-33.4569,22.77,21.89,20.24,23.74,1013,30,1013,928,1.34,0,2.68,100,2,2094385,CL,1783943102,1783979474,804,Clouds,nubes,04d,stations,10000,-14400,3871336,Santiago,200
2026-07-13 19:43:46,-70.6483,-33.4569,22.81,21.88,20.8,22.81,1013,28,1013,928,1.79,225,3.13,100,2,2095708,CL,1783943102,1783979474,804,Clouds,nubes,04d,stations,10000,-14400,3871336,Santiago,200
2026-07-13 19:59:01,-70.6483,-33.4569,22.85,21.9,20.8,24.3,1013,27,1013,928,2.68,225,4.92,100,2,2094385,CL,1783943102,1783979474,804,Clouds,nubes,04d,stations,10000,-14400,3871336,Santiago,200
2026-07-13 20:11:10,-70.65,-33.46,22.88,21.93,20.8,24.3,1013,27,1013,928,0.89,203,4.92,100,2,2094385,CL,1783943103,1783979474,804,Clouds,nubes,04d,stations,10000,-14400,3871336,Santiago,200
2026-07-13 20:20:03,-70.6483,-33.4569,22.31,21.38,20.08,22.81,1013,30,1013,928,0.89,315,3.13,100,2,2095708,CL,1783943102,1783979474,804,Clouds,nubes,04d,stations,10000,-14400,3871336,Santiago,200
2026-07-13 20:41:54,-70.6483,-33.4569,21.83,20.9,20.08,22.25,1013,32,1013,928,0.89,158,3.58,100,2,2095708,CL,1783943102,1783979474,804,Clouds,nubes,04d,stations,10000,-14400,3871336,Santiago,200
2026-07-13 20:53:18,-70.6483,-33.4569,21.36,20.47,19.69,21.7,1013,35,1013,928,1.34,180,3.58,100,2,2095708,CL,1783943102,1783979474,804,Clouds,nubes,04d,stations,10000,-14400,3871336,Santiago,200
2026-07-13 21:15:01,-70.6483,-33.4569,20.13,19.22,19.69,21.03,1013,39,1013,928,1.34,225,3.58,100,2,2095708,CL,1783943102,1783979474,804,Clouds,nubes,04d,stations,10000,-14400,3871336,Santiago,200
2026-07-13 21:25:12,-70.6483,-33.4569,20.46,19.58,19.13,21.34,1013,39,1013,928,1.34,158,4.02,100,2,2094385,CL,1783943102,1783979474,804,Clouds,nubes,04d,stations,10000,-14400,3871336,Santiago,200
2026-07-13 21:40:09,-70.6483,-33.4569,19.1,18.24,18.58,20.47,1013,45,1013,928,1.79,248,3.58,100,2,2095708,CL,1783943102,1783979474,804,Clouds,nubes,04d,stations,10000,-14400,3871336,Santiago,200
2026-07-13 21:53:16,-70.6483,-33.4569,19.78,19.01,18.36,21.52,1013,46,1013,928,1.34,225,2.68,100,2,2094385,CL,1783943102,1783979474,804,Clouds,nubes,04n,stations,10000,-14400,3871336,Santiago,200
2026-07-13 22:03:30,-70.6483,-33.4569,19.46,18.69,18.02,20.96,1013,47,1013,928,0.89,180,2.68,100,2,2094385,CL,1783943102,1783979474,804,Clouds,nubes,04n,stations,10000,-14400,3871336,Santiago,200
2026-07-13 22:28:32,-70.646,-33.458,18.94,18.17,17.23,20.39,1013,49,1013,928,1.41,235,1.13,100,2,2094385,CL,1783943101,1783979473,804,Clouds,nubes,04n,stations,10000,-14400,3871336,Santiago,200
2026-07-13 22:36:02,-70.6483,-33.4569,18.96,18.19,17.25,20.23,1014,49,1014,928,0.89,225,1.79,100,2,2094385,CL,1783943102,1783979474,804,Clouds,nubes,04n,stations,10000,-14400,3871336,Santiago,200
2026-07-13 22:46:11,-70.6483,-33.4569,18.94,18.17,17.25,20.23,1014,49,1014,928,0.89,225,1.79,100,2,2094385,CL,1783943102,1783979474,804,Clouds,nubes,04n,stations,10000,-14400,3871336,Santiago,200
2026-07-13 23:07:20,-70.6483,-33.4569,17.38,16.56,16.7,19.3,1013,53,1013,928,0.89,248,0.89,100,2,2095708,CL,1783943102,1783979474,804,Clouds,nubes,04n,stations,10000,-14400,3871336,Santiago,200
2026-07-13 23:17:49,-70.6483,-33.4569,18.71,17.89,18.31,18.81,1013,48,1013,928,1.4,227,1.15,100,2,2039090,CL,1783943102,1783979474,804,Clouds,nubes,04n,stations,10000,-14400,3871336,Santiago,200
2026-07-13 23:38:04,-70.6483,-33.4569,19.12,18.31,17.7,19.67,1013,47,1013,928,0.91,210,0.77,100,2,2094385,CL,1783943102,1783979474,804,Clouds,nubes,04n,stations,10000,-14400,3871336,Santiago,200
2026-07-13 23:49:09,-70.6483,-33.4569,19.12,18.37,17.7,19.67,1014,49,1014,928,0.91,210,0.77,100,2,2094385,CL,1783943102,1783979474,804,Clouds,nubes,04n,stations,10000,-14400,3871336,Santiago,200
2026-07-14 00:10:48,-70.6483,-33.4569,18.6,17.77,17.14,19.3,1014,48,1014,928,0.91,210,0.77,100,2,2094385,CL,1783943102,1783979474,804,Clouds,nubes,04n,stations,10000,-14400,3871336,Santiago,200
2026-07-14 00:22:34,-70.6483,-33.4569,18.6,17.8,17.14,19.12,1013,49,1013,928,0.91,210,0.77,100,2,2094385,CL,1783943102,1783979474,804,Clouds,nubes,04n,stations,10000,-14400,3871336,Santiago,200
2026-07-14 00:43:58,-70.6483,-33.4569,18.57,17.71,17.14,19.12,1013,47,1013,928,1.38,242,0.93,100,2,2094385,CL,1783943102,1783979474,804,Clouds,nubes,04n,stations,10000,-14400,3871336,Santiago,200
2026-07-14 00:58:36,-70.6483,-33.4569,18.04,17.15,16.59,18.56,1013,48,1013,928,1.38,242,0.93,100,2,2094385,CL,1783943102,1783979474,804,Clouds,nubes,04n,stations,10000,-14400,3871336,Santiago,200
2026-07-14 01:10:04,-70.6483,-33.4569,18.44,17.62,16.59,19.12,1013,49,1013,928,1.38,242,0.93,100,2,2094385,CL,1783943102,1783979474,804,Clouds,nubes,04n,stations,10000,-14400,3871336,Santiago,200
2026-07-14 01:25:12,-70.6547,-33.464,18.56,17.75,16.64,19.16,1013,49,1013,938,1.53,242,1.09,100,2,2094385,CL,1783943104,1783979474,804,Clouds,nubes,04n,stations,10000,-14400,3871336,Santiago,200
2026-07-14 01:44:08,-70.6544,-33.4627,16.37,15.5,16.08,17.35,1012,55,1012,937,0.56,88,0.43,100,2,2039090,CL,1783943104,1783979474,804,Clouds,nubes,04n,stations,10000,-14400,3871336,Santiago,200
2026-07-14 01:54:06,-70.6483,-33.4569,16.29,15.38,16.03,17.3,1012,54,1012,927,0.67,87,0.52,100,2,2039090,CL,1783943102,1783979474,804,Clouds,nubes,04n,stations,10000,-14400,3871336,Santiago,200
2026-07-14 02:10:23,-70.6483,-33.4569,16.18,15.34,16.03,17.08,1012,57,1012,927,0.67,87,0.52,100,2,2039090,CL,1783943102,1783979474,804,Clouds,nubes,04n,stations,10000,-14400,3871336,Santiago,200
2026-07-14 02:25:11,-70.6483,-33.4569,17.46,16.65,16.03,18.01,1012,53,1012,927,0.67,87,0.52,100,2,2094385,CL,1783943102,1783979474,804,Clouds,nubes,04n,stations,10000,-14400,3871336,Santiago,200
2026-07-14 02:34:34,-70.6483,-33.4569,17.46,16.62,16.03,18.01,1013,52,1013,927,0.91,253,0.53,100,2,2094385,CL,1783943102,1783979474,804,Clouds,nubes,04n,stations,10000,-14400,3871336,Santiago,200
2026-07-14 02:49:52,-70.6483,-33.4569,17.85,17.05,16.03,18.56,1012,52,1012,927,0.91,253,0.53,100,2,2094385,CL,1783943102,1783979474,804,Clouds,nubes,04n,stations,10000,-14400,3871336,Santiago,200
2026-07-14 03:04:26,-70.6483,-33.4569,18.2,17.36,16.03,18.56,1012,49,1012,927,0.91,253,0.53,100,2,2094385,CL,1783943102,1783979474,804,Clouds,nubes,04n,stations,10000,-14400,3871336,Santiago,200
2026-07-14 03:23:06,-70.6532,-33.4573,17.44,16.6,16.06,18.03,1012,52,1012,937,0.95,251,0.64,100,2,2094385,CL,1783943103,1783979475,804,Clouds,nubes,04n,stations,10000,-14400,3871336,Santiago,200
2026-07-14 03:40:20,-70.6483,-33.4569,17.32,16.44,15.47,18.01,1012,51,1012,927,0.47,125,0.46,100,2,2094385,CL,1783943102,1783979474,804,Clouds,nubes,04n,stations,10000,-14400,3871336,Santiago,200
2026-07-14 03:53:50,-70.6483,-33.4569,17.29,16.43,15.47,18.01,1012,52,1012,927,0.47,125,0.46,100,2,2094385,CL,1783943102,1783979474,804,Clouds,nubes,04n,stations,10000,-14400,3871336,Santiago,200
2026-07-14 04:13:13,-70.65,-33.46,17.29,16.43,15.47,18.01,1011,52,1011,927,0.47,125,0.46,100,2,2094385,CL,1784029481,1784065909,804,Clouds,nubes,04n,stations,10000,-14400,3871336,Santiago,200
2026-07-14 04:26:27,-70.6511,-33.459,15.76,14.78,15.47,17.2,1011,53,1011,927,0.47,125,0.46,100,2,2039090,CL,1784029481,1784065909,804,Clouds,nubes,04n,stations,10000,-14400,3871336,Santiago,200
2026-07-14 04:38:02,-70.6483,-33.4569,16.89,16.02,15.47,17.45,1012,53,1012,927,0.38,258,0.07,100,2,2094385,CL,1784029481,1784065909,804,Clouds,nubes,04n,stations,10000,-14400,3871336,Santiago,200
2026-07-14 04:52:55,-70.65,-33.46,16.89,16.04,15.47,17.45,1012,54,1012,927,0.38,258,0.07,100,2,2094385,CL,1784029481,1784065909,804,Clouds,nubes,04n,stations,10000,-14400,3871336,Santiago,200
2026-07-14 05:15:03,-70.6483,-33.4569,17.13,16.33,14.92,18.01,1011,55,1011,927,0.38,258,0.07,100,2,2094385,CL,1784029481,1784065909,804,Clouds,nubes,04n,stations,10000,-14400,3871336,Santiago,200
2026-07-14 05:20:00,-70.6483,-33.4569,17.13,16.36,14.92,18.01,1012,56,1012,927,0.38,258,0.07,100,2,2094385,CL,1784029481,1784065909,804,Clouds,nubes,04n,stations,10000,-14400,3871336,Santiago,200
2026-07-14 05:36:26,-70.6483,-33.4569,16.71,15.9,14.92,17.45,1012,56,1012,926,0.43,278,0.54,100,2,2094385,CL,1784029481,1784065909,804,Clouds,nubes,04n,stations,10000,-14400,3871336,Santiago,200
2026-07-14 05:49:35,-70.6483,-33.4569,16.71,15.9,14.92,17.45,1012,56,1012,926,0.43,278,0.54,100,2,2094385,CL,1784029481,1784065909,804,Clouds,nubes,04n,stations,10000,-14400,3871336,Santiago,200
2026-07-14 06:07:31,-70.6482,-33.4644,16.83,16.03,14.95,17.48,1012,56,1012,927,0.93,243,0.79,100,2,2094385,CL,1784029482,1784065908,804,Clouds,nubes,04n,stations,10000,-14400,3871336,Santiago,200
2026-07-14 06:19:07,-70.6483,-33.4569,16.71,15.9,14.92,17.45,1011,56,1011,927,0.93,243,0.79,100,2,2094385,CL,1784029481,1784065909,804,Clouds,nubes,04n,stations,10000,-14400,3871336,Santiago,200
2026-07-14 06:41:08,-70.6483,-33.4569,16.71,15.9,14.92,17.45,1012,56,1012,926,0.21,172,0.52,100,2,2094385,CL,1784029481,1784065909,804,Clouds,nubes,04n,stations,10000,-14400,3871336,Santiago,200
2026-07-14 06:58:41,-70.65,-33.46,16.34,15.52,14.92,16.9,1012,57,1012,926,0.21,172,0.52,100,2,2094385,CL,1784029481,1784065909,804,Clouds,nubes,04n,stations,10000,-14400,3871336,Santiago,200
2026-07-14 07:11:55,-70.65,-33.46,15.94,15.1,14.92,16.34,1011,58,1011,926,0.21,172,0.52,100,2,2094385,CL,1784029481,1784065909,804,Clouds,nubes,04n,stations,10000,-14400,3871336,Santiago,200
2026-07-14 07:27:05,-70.6483,-33.4569,15.93,15.12,14.92,16.34,1012,59,1012,926,0.21,172,0.52,100,2,2094385,CL,1784029481,1784065909,804,Clouds,nubes,04n,stations,10000,-14400,3871336,Santiago,200
2026-07-14 07:42:01,-70.6483,-33.4569,15.79,14.99,14.36,16.34,1012,60,1012,926,1.15,238,0.88,100,2,2094385,CL,1784029481,1784065909,804,Clouds,nubes,04n,stations,10000,-14400,3871336,Santiago,200
2026-07-14 07:54:25,-70.6483,-33.4569,15.51,14.74,14.52,15.79,1012,62,1012,926,1.15,238,0.88,100,2,2094385,CL,1784029481,1784065909,804,Clouds,nubes,04n,stations,10000,-14400,3871336,Santiago,200
2026-07-14 08:12:24,-70.65,-33.46,15.78,15.03,14.36,16.34,1012,62,1012,926,1.15,238,0.88,100,2,2094385,CL,1784029481,1784065909,804,Clouds,nubes,04n,stations,10000,-14400,3871336,Santiago,200
2026-07-14 08:18:58,-70.6483,-33.4569,15.76,15.04,14.36,16.34,1012,63,1012,926,1.15,238,0.88,100,2,2094385,CL,1784029481,1784065909,804,Clouds,nubes,04n,stations,10000,-14400,3871336,Santiago,200
2026-07-14 08:31:31,-70.6483,-33.4569,15.76,15.04,14.36,16.34,1012,63,1012,927,0.43,114,0.31,100,2,2094385,CL,1784029481,1784065909,804,Clouds,nubes,04n,stations,10000,-14400,3871336,Santiago,200
2026-07-14 08:48:06,-70.6483,-33.4569,15.76,15.04,14.36,16.34,1012,63,1012,927,0.43,114,0.31,100,2,2094385,CL,1784029481,1784065909,804,Clouds,nubes,04n,stations,10000,-14400,3871336,Santiago,200
2026-07-14 09:10:13,-70.6483,-33.4569,15.76,15.01,14.36,16.34,1012,62,1012,927,0.43,114,0.31,100,2,2094385,CL,1784029481,1784065909,804,Clouds,nubes,04n,stations,10000,-14400,3871336,Santiago,200
2026-07-14 09:25:11,-70.65,-33.46,15.39,14.66,14.36,15.79,1012,64,1012,927,0.43,114,0.31,100,2,2094385,CL,1784029481,1784065909,804,Clouds,nubes,04n,stations,10000,-14400,3871336,Santiago,200
2026-07-14 09:35:31,-70.6483,-33.4569,15.37,14.63,14.36,15.79,1012,64,1012,926,0.91,233,0.62,100,2,2094385,CL,1784029481,1784065909,804,Clouds,nubes,04n,stations,10000,-14400,3871336,Santiago,200
2026-07-14 09:50:46,-70.65,-33.46,16.06,15.34,13.81,16.9,1012,62,1012,926,0.91,233,0.62,100,2,2094385,CL,1784029481,1784065909,804,Clouds,nubes,04n,stations,10000,-14400,3871336,Santiago,200
2026-07-14 10:08:53,-70.6483,-33.4569,15.69,14.93,13.81,16.34,1014,62,1014,926,0.91,233,0.62,100,2,2094385,CL,1784029481,1784065909,804,Clouds,nubes,04n,stations,10000,-14400,3871336,Santiago,200
2026-07-14 10:20:02,-70.6483,-33.4569,15.69,14.93,13.81,16.34,1014,62,1014,926,0.91,233,0.62,100,2,2094385,CL,1784029481,1784065909,500,Rain,lluvia ligera,10n,0.12,stations,10000,-14400,3871336,Santiago,200
2026-07-14 10:33:32,-70.6483,-33.4569,15.66,14.93,13.81,16.34,1012,63,1012,926,1.01,222,0.71,100,2,2094385,CL,1784029481,1784065909,804,Clouds,nubes,04n,stations,10000,-14400,3871336,Santiago,200
2026-07-14 10:55:55,-70.6483,-33.4569,15.29,14.49,13.81,16.08,1012,62,1012,926,1.01,222,0.71,100,2,2094385,CL,1784029481,1784065909,804,Clouds,nubes,04n,stations,10000,-14400,3871336,Santiago,200
2026-07-14 11:15:04,-70.6483,-33.4569,14.21,13.41,13.81,15.53,1013,66,1013,926,1.01,222,0.71,100,2,2039090,CL,1784029481,1784065909,804,Clouds,nubes,04n,stations,10000,-14400,3871336,Santiago,200
2026-07-14 11:20:22,-70.6483,-33.4569,14.21,13.41,13.81,15.53,1013,66,1013,926,1.01,222,0.71,100,2,2039090,CL,1784029481,1784065909,804,Clouds,nubes,04n,stations,10000,-14400,3871336,Santiago,200
2026-07-14 11:36:39,-70.65,-33.46,14.9,14.09,13.81,15.53,1013,63,1013,927,1.37,228,1.36,100,2,2094385,CL,1784029481,1784065909,804,Clouds,nubes,04n,stations,10000,-14400,3871336,Santiago,200
2026-07-14 11:55:22,-70.6483,-33.4569,14.51,13.66,13.81,15.53,1013,63,1013,927,1.37,228,1.36,100,2,2094385,CL,1784029481,1784065909,804,Clouds,nubes,04d,stations,10000,-14400,3871336,Santiago,200
2026-07-14 12:11:11,-70.6483,-33.4569,14.51,13.69,13.81,15.53,1013,64,1013,927,1.37,228,1.36,100,2,2094385,CL,1784029481,1784065909,804,Clouds,nubes,04d,stations,10000,-14400,3871336,Santiago,200
